{"train": 0.02627422593225893, "test": 0.02802183215914629}